URL,Último rastreo
https://derechosart.com.ar/abogados-art-boulogne,2026-06-27
https://derechosart.com.ar/landings/abogados-art-boulogne,2026-06-27
https://derechosart.com.ar/abogados-art-la-paternal,2026-06-26
https://derechosart.com.ar/landings/abogados-art-la-paternal,2026-06-26
https://derechosart.com.ar/landings/abogados-art-cinco-saltos,2026-06-26
https://derechosart.com.ar/landings/abogados-art-pilar,2026-06-26
https://derechosart.com.ar/abogados-art-fernandez-oro,2026-06-26
https://derechosart.com.ar/landings/abogados-art-fernandez-oro,2026-06-26
https://derechosart.com.ar/landings/abogados-art-vicente-lopez,2026-06-26
https://derechosart.com.ar/abogados-despidos-villa-tesei,2026-06-26
https://derechosart.com.ar/landings/abogados-despidos-villa-tesei,2026-06-26
https://www.derechosart.com.ar/cual-es-mi-art,2026-06-25
https://www.derechosart.com.ar/,2026-06-25
https://derechosart.com.ar/landings/abogados-despidos-san-nicolas,2026-06-25
https://derechosart.com.ar/abogados-art-sol-y-verde,2026-06-24
https://derechosart.com.ar/landings/abogados-art-sol-y-verde,2026-06-24
https://derechosart.com.ar/landings/abogados-art-pueblo-uranga,2026-06-24
https://derechosart.com.ar/abogados-despidos-sol-y-verde,2026-06-24
https://derechosart.com.ar/landings/abogados-despidos-sol-y-verde,2026-06-24
https://derechosart.com.ar/abogados-despidos-jose-leon-suarez,2026-06-24
https://derechosart.com.ar/landings/abogados-despidos-jose-leon-suarez,2026-06-24
https://derechosart.com.ar/abogados-despidos-laferrere,2026-06-24
https://derechosart.com.ar/landings/abogados-despidos-laferrere,2026-06-24
https://derechosart.com.ar/landings/abogados-art-presidente-derqui,2026-06-24
https://derechosart.com.ar/landings/abogados-art-villa-adelina,2026-06-23
https://derechosart.com.ar/abogados-art-villa-udaondo,2026-06-23
https://derechosart.com.ar/landings/abogados-art-villa-udaondo,2026-06-23
https://derechosart.com.ar/landings/abogados-despidos-san-telmo,2026-06-23
https://derechosart.com.ar/landings/abogados-despidos-jose-c-paz,2026-06-22
http://derechosart.com.ar/,2026-06-22
https://derechosart.com.ar/landings/abogados-despidos-villa-general-mitre,2026-06-22
https://derechosart.com.ar/landings/abogados-art-plottier,2026-06-22
https://derechosart.com.ar/abogados-art-villa-tesei,2026-06-22
https://derechosart.com.ar/landings/abogados-art-villa-tesei,2026-06-22
https://derechosart.com.ar/landings/abogados-art-quilmes,2026-06-22
https://derechosart.com.ar/landings/abogados-art-choele-choel,2026-06-22
https://derechosart.com.ar/abogados-despidos-hudson,2026-06-22
https://derechosart.com.ar/landings/abogados-despidos-hudson,2026-06-22
https://derechosart.com.ar/landings/abogados-despidos-san-justo,2026-06-22
https://derechosart.com.ar/abogados-despidos-acassuso,2026-06-22
https://derechosart.com.ar/landings/abogados-despidos-acassuso,2026-06-22
https://derechosart.com.ar/landings/abogados-art-glew,2026-06-21
https://derechosart.com.ar/landings/abogados-art-centenario,2026-06-21
https://derechosart.com.ar/landings/abogados-art-haedo,2026-06-21
https://www.derechosart.com.ar/abogados-art-cinco-saltos,2026-06-21
https://www.derechosart.com.ar/landings/abogados-art-cinco-saltos,2026-06-21
https://derechosart.com.ar/landings/abogados-art-salta,2026-06-21
https://derechosart.com.ar/abogados-art-hudson,2026-06-21
https://derechosart.com.ar/landings/abogados-art-hudson,2026-06-21
https://derechosart.com.ar/abogados-despidos-zeballos,2026-06-21
https://derechosart.com.ar/landings/abogados-art-parque-chas,2026-06-21
https://derechosart.com.ar/abogados-art-centro,2026-06-21
https://derechosart.com.ar/landings/abogados-art-grand-bourg,2026-06-21
https://derechosart.com.ar/abogados-art-la-boca,2026-06-20
https://derechosart.com.ar/landings/abogados-art-la-boca,2026-06-20
https://derechosart.com.ar/landings/abogados-despidos-villa-udaondo,2026-06-20
https://derechosart.com.ar/landings/abogados-despidos-mataderos,2026-06-20
https://derechosart.com.ar/landings/abogados-art-bosques,2026-06-20
https://derechosart.com.ar/landings/abogados-art-centro,2026-06-20
https://derechosart.com.ar/abogados-art-fisherton,2026-06-19
https://derechosart.com.ar/landings/abogados-art-fisherton,2026-06-19
https://derechosart.com.ar/abogados-art-don-torcuato,2026-06-19
https://www.derechosart.com.ar/abogados-art-virrey-del-pino,2026-06-17
https://derechosart.com.ar/landings/abogados-despidos-ituzaingo,2026-06-16
https://derechosart.com.ar/landings/abogados-art-zeballos,2026-06-12
https://www.derechosart.com.ar/landings/abogados-art-boulogne,2026-06-11
https://derechosart.com.ar/landings/abogados-despidos-don-torcuato,2026-06-08
https://derechosart.com.ar/landings/abogados-despidos-boulogne,2026-06-08
https://derechosart.com.ar/landings/abogados-despidos-william-morris,2026-06-08
https://derechosart.com.ar/landings/abogados-despidos-la-paternal,2026-06-07
https://derechosart.com.ar/landings/abogados-art-neuquen-y-rio-negro,2026-06-07
https://derechosart.com.ar/landings/abogados-art-acassuso,2026-06-07
https://derechosart.com.ar/landings/abogados-art-laferrere,2026-06-07
https://derechosart.com.ar/landings/abogados-art-parque-san-martin,2026-06-07
https://derechosart.com.ar/landings/abogados-art-vista-alegre,2026-06-07
https://www.derechosart.com.ar/landings/abogados-art-la-boca,2026-06-06
https://derechosart.com.ar/landings/abogados-despidos-zeballos,2026-06-05
https://derechosart.com.ar/landings/abogados-art-jose-leon-suarez,2026-06-05
https://derechosart.com.ar/landings/abogados-art-don-torcuato,2026-06-02