Page URL,Link URL,HTTP Code,Discovered
https://derechosart.com.ar/,https://wa.me/5491124786144,429,18 Aug 2026 (14:45 UTC)
https://derechosart.com.ar/abogados-art-7ma-seccion,https://wa.me/5491124786144,429,18 Aug 2026 (14:45 UTC)
https://derechosart.com.ar/abogados-art-9-de-abril,https://wa.me/5491124786144,429,18 Aug 2026 (14:45 UTC)
https://derechosart.com.ar/abogados-art-accidentes,https://wa.me/5491124786144,429,18 Aug 2026 (14:45 UTC)
https://derechosart.com.ar/abogados-art-aldo-bonzi,https://wa.me/5491124786144,429,18 Aug 2026 (14:45 UTC)
https://derechosart.com.ar/abogados-art-arbilla,https://wa.me/5491124786144,429,18 Aug 2026 (14:45 UTC)
https://derechosart.com.ar/abogados-art-atalaya,https://wa.me/5491124786144,429,18 Aug 2026 (14:45 UTC)
https://derechosart.com.ar/abogados-art-banfield,https://wa.me/5491124786144,429,18 Aug 2026 (14:45 UTC)
https://derechosart.com.ar/abogados-art-barrio-calle-ciega-n-10,https://wa.me/5491124786144,429,18 Aug 2026 (14:45 UTC)
https://derechosart.com.ar/abogados-art-barrio-calle-ciega-n-6,https://wa.me/5491124786144,429,18 Aug 2026 (14:45 UTC)
https://derechosart.com.ar/abogados-art-barrio-costa-oeste,https://wa.me/5491124786144,429,18 Aug 2026 (14:45 UTC)
https://derechosart.com.ar/abogados-art-barrio-gilbert-1-de-mayo-tejas-tres,https://wa.me/5491124786144,429,18 Aug 2026 (14:45 UTC)
https://derechosart.com.ar/abogados-art-barrio-perdriel-iv,https://wa.me/5491124786144,429,18 Aug 2026 (14:45 UTC)
https://derechosart.com.ar/abogados-art-benavidez,https://wa.me/5491124786144,429,18 Aug 2026 (14:45 UTC)
https://derechosart.com.ar/abogados-art-berisso,https://wa.me/5491124786144,429,18 Aug 2026 (14:45 UTC)
https://derechosart.com.ar/abogados-art-bernal,https://wa.me/5491124786144,429,18 Aug 2026 (14:45 UTC)
https://derechosart.com.ar/abogados-art-caba-y-gba,https://wa.me/5491124786144,429,18 Aug 2026 (14:45 UTC)
https://derechosart.com.ar/abogados-art-carapachay,https://wa.me/5491124786144,429,18 Aug 2026 (14:45 UTC)
https://derechosart.com.ar/abogados-art-carlos-spegazzini,https://wa.me/5491124786144,429,18 Aug 2026 (14:45 UTC)
https://derechosart.com.ar/abogados-art-carlos-tomas-sourigues,https://wa.me/5491124786144,429,18 Aug 2026 (14:45 UTC)
https://derechosart.com.ar/abogados-art-caseros,https://wa.me/5491124786144,429,18 Aug 2026 (14:45 UTC)
https://derechosart.com.ar/abogados-art-caseros-centro,https://wa.me/5491124786144,429,18 Aug 2026 (14:45 UTC)
https://derechosart.com.ar/abogados-art-ciudad-de-las-heras,https://wa.me/5491124786144,429,18 Aug 2026 (14:45 UTC)
https://derechosart.com.ar/abogados-art-ciudad-de-maipu,https://wa.me/5491124786144,429,18 Aug 2026 (14:45 UTC)
https://derechosart.com.ar/abogados-art-ciudad-jardin-el-libertador,https://wa.me/5491124786144,429,18 Aug 2026 (14:45 UTC)
https://derechosart.com.ar/abogados-art-ciudad-jardin-lomas-del-palomar,https://wa.me/5491124786144,429,18 Aug 2026 (14:45 UTC)
https://derechosart.com.ar/abogados-art-constitucion,https://wa.me/5491124786144,429,18 Aug 2026 (14:45 UTC)
https://derechosart.com.ar/abogados-art-cordoba,https://wa.me/549351-5129809,429,18 Aug 2026 (14:45 UTC)
https://derechosart.com.ar/abogados-art-cordoba,https://wa.me/5491124786144,429,18 Aug 2026 (14:45 UTC)
https://derechosart.com.ar/abogados-art-costa-flores,https://wa.me/5491124786144,429,18 Aug 2026 (14:45 UTC)
https://derechosart.com.ar/abogados-art-cuartel-v,https://wa.me/5491124786144,429,18 Aug 2026 (14:45 UTC)
https://derechosart.com.ar/abogados-art-del-viso,https://wa.me/5491124786144,429,18 Aug 2026 (14:45 UTC)
https://derechosart.com.ar/abogados-art-dique-lujan,https://wa.me/5491124786144,429,18 Aug 2026 (14:45 UTC)
https://derechosart.com.ar/abogados-art-general-belgrano,https://wa.me/5491124786144,429,18 Aug 2026 (14:45 UTC)
https://derechosart.com.ar/abogados-art-general-hornos,https://wa.me/5491124786144,429,18 Aug 2026 (14:45 UTC)
https://derechosart.com.ar/abogados-art-ibarlucea,https://wa.me/5491124786144,429,18 Aug 2026 (14:45 UTC)
https://derechosart.com.ar/abogados-art-ingeniero-adolfo-sourdeaux,https://wa.me/5491124786144,429,18 Aug 2026 (14:45 UTC)
https://derechosart.com.ar/abogados-art-jorge-born,https://wa.me/5491124786144,429,18 Aug 2026 (14:45 UTC)
https://derechosart.com.ar/abogados-art-la-merced-del-encon,https://wa.me/5491124786144,429,18 Aug 2026 (14:45 UTC)
https://derechosart.com.ar/abogados-art-la-primavera,https://wa.me/5491124786144,429,18 Aug 2026 (14:45 UTC)
https://derechosart.com.ar/abogados-art-las-quintas,https://wa.me/5491124786144,429,18 Aug 2026 (14:45 UTC)
https://derechosart.com.ar/abogados-art-los-cachorros,https://wa.me/5491124786144,429,18 Aug 2026 (14:45 UTC)
https://derechosart.com.ar/abogados-art-los-cardales,https://wa.me/5491124786144,429,18 Aug 2026 (14:45 UTC)
https://derechosart.com.ar/abogados-art-los-muchachos-la-alborada,https://wa.me/5491124786144,429,18 Aug 2026 (14:45 UTC)
https://derechosart.com.ar/abogados-art-mataderos,https://wa.me/5491124786144,429,18 Aug 2026 (14:45 UTC)
https://derechosart.com.ar/abogados-art-mendiolaza,https://wa.me/5491124786144,429,18 Aug 2026 (14:45 UTC)
https://derechosart.com.ar/abogados-art-mendoza,https://wa.me/5491124786144,429,18 Aug 2026 (14:45 UTC)
https://derechosart.com.ar/abogados-art-neuquen,https://wa.me/5491124786144,429,18 Aug 2026 (14:45 UTC)
https://derechosart.com.ar/abogados-art-oliden,https://wa.me/5491124786144,429,18 Aug 2026 (14:45 UTC)
https://derechosart.com.ar/abogados-art-olivos,https://wa.me/5491124786144,429,18 Aug 2026 (14:45 UTC)
https://derechosart.com.ar/abogados-art-parada-robles,https://wa.me/5491124786144,429,18 Aug 2026 (14:45 UTC)
https://derechosart.com.ar/abogados-art-paso-del-rey,https://wa.me/5491124786144,429,18 Aug 2026 (14:45 UTC)
https://derechosart.com.ar/abogados-art-perez,https://wa.me/5491124786144,429,18 Aug 2026 (14:45 UTC)
https://derechosart.com.ar/abogados-art-pinero,https://wa.me/5491124786144,429,18 Aug 2026 (14:45 UTC)
https://derechosart.com.ar/abogados-art-presidente-peron,https://wa.me/5491124786144,429,18 Aug 2026 (14:45 UTC)
https://derechosart.com.ar/abogados-art-puente-de-hierro,https://wa.me/5491124786144,429,18 Aug 2026 (14:45 UTC)
https://derechosart.com.ar/abogados-art-rafael-calzada,https://wa.me/5491124786144,429,18 Aug 2026 (14:45 UTC)
https://derechosart.com.ar/abogados-art-rafael-castillo,https://wa.me/5491124786144,429,18 Aug 2026 (14:45 UTC)
https://derechosart.com.ar/abogados-art-rosario,https://wa.me/5491124786144,429,18 Aug 2026 (14:45 UTC)
https://derechosart.com.ar/abogados-art-salta,https://wa.me/5491124786144,429,18 Aug 2026 (14:45 UTC)
https://derechosart.com.ar/abogados-art-san-lorenzo,https://wa.me/5491124786144,429,18 Aug 2026 (14:45 UTC)
https://derechosart.com.ar/abogados-art-san-roque,https://wa.me/5491124786144,429,18 Aug 2026 (14:45 UTC)
https://derechosart.com.ar/abogados-art-san-vicente,https://wa.me/5491124786144,429,18 Aug 2026 (14:45 UTC)
https://derechosart.com.ar/abogados-art-tristan-suarez,https://wa.me/5491124786144,429,18 Aug 2026 (14:45 UTC)
https://derechosart.com.ar/abogados-art-trujui,https://wa.me/5491124786144,429,18 Aug 2026 (14:45 UTC)
https://derechosart.com.ar/abogados-art-turdera,https://wa.me/5491124786144,429,18 Aug 2026 (14:45 UTC)
https://derechosart.com.ar/abogados-art-uribelarrea,https://wa.me/5491124786144,429,18 Aug 2026 (14:45 UTC)
https://derechosart.com.ar/abogados-art-valentin-alsina,https://wa.me/5491124786144,429,18 Aug 2026 (14:45 UTC)
https://derechosart.com.ar/abogados-art-victoria,https://wa.me/5491124786144,429,18 Aug 2026 (14:45 UTC)
https://derechosart.com.ar/abogados-art-villa-ayacucho,https://wa.me/5491124786144,429,18 Aug 2026 (14:45 UTC)
https://derechosart.com.ar/abogados-art-villa-ballester,https://wa.me/5491124786144,429,18 Aug 2026 (14:45 UTC)
https://derechosart.com.ar/abogados-art-villa-fiorito,https://wa.me/5491124786144,429,18 Aug 2026 (14:45 UTC)
https://derechosart.com.ar/abogados-art-villa-general-juan-g-las-heras,https://wa.me/5491124786144,429,18 Aug 2026 (14:45 UTC)
https://derechosart.com.ar/abogados-art-villa-los-llanos-juarez-celman,https://wa.me/5491124786144,429,18 Aug 2026 (14:45 UTC)
https://derechosart.com.ar/abogados-art-villa-ortuzar,https://wa.me/5491124786144,429,18 Aug 2026 (14:45 UTC)
https://derechosart.com.ar/abogados-art-villa-san-andres,https://wa.me/5491124786144,429,18 Aug 2026 (14:45 UTC)
https://derechosart.com.ar/abogados-art-villa-santa-rita,https://wa.me/5491124786144,429,18 Aug 2026 (14:45 UTC)
https://derechosart.com.ar/abogados-art-villa-sarmiento,https://wa.me/5491124786144,429,18 Aug 2026 (14:45 UTC)
https://derechosart.com.ar/abogados-art-villa-urquiza,https://wa.me/5491124786144,429,18 Aug 2026 (14:45 UTC)
https://derechosart.com.ar/abogados-art-zelaya,https://wa.me/5491124786144,429,18 Aug 2026 (14:45 UTC)
https://derechosart.com.ar/accidentes-de-trabajo,https://wa.me/5491124786144,429,18 Aug 2026 (14:45 UTC)
https://derechosart.com.ar/blog,https://wa.me/5491124786144,429,18 Aug 2026 (14:45 UTC)
https://derechosart.com.ar/calculadora-accidentes,https://wa.me/5491124786144,429,18 Aug 2026 (14:45 UTC)
https://derechosart.com.ar/calculadora-despidos,https://wa.me/5491124786144,429,18 Aug 2026 (14:45 UTC)
https://derechosart.com.ar/comisiones-medicas,https://wa.me/5491124786144,429,18 Aug 2026 (14:45 UTC)
https://derechosart.com.ar/contacto,https://wa.me/5491124786144,429,18 Aug 2026 (14:45 UTC)
https://derechosart.com.ar/cual-es-mi-art,https://wa.me/5491124786144,429,18 Aug 2026 (14:45 UTC)
https://derechosart.com.ar/despidos,https://wa.me/5491124786144,429,18 Aug 2026 (14:45 UTC)
https://derechosart.com.ar/enfermedades-profesionales,https://wa.me/5491124786144,429,18 Aug 2026 (14:45 UTC)
https://derechosart.com.ar/faq,https://wa.me/5491124786144,429,18 Aug 2026 (14:45 UTC)
https://derechosart.com.ar/formularios-srt,https://wa.me/5491124786144,429,18 Aug 2026 (14:45 UTC)
https://derechosart.com.ar/inicio,https://wa.me/5491124786144,429,18 Aug 2026 (14:45 UTC)
https://derechosart.com.ar/que-hacer,https://wa.me/5491124786144,429,18 Aug 2026 (14:45 UTC)
https://derechosart.com.ar/quienes-somos,https://wa.me/5491124786144,429,18 Aug 2026 (14:45 UTC)
https://derechosart.com.ar/tabla-incapacidad,https://wa.me/5491124786144,429,18 Aug 2026 (14:45 UTC)
https://derechosart.com.ar/tramites-srt,https://wa.me/5491124786144,429,18 Aug 2026 (14:45 UTC)
https://derechosart.com.ar/zonas-atencion,https://wa.me/5491124786144,429,18 Aug 2026 (14:45 UTC)
