Page URL,Title,Discovered
https://derechosart.com.ar/abogados-art-9-de-abril,"Abogados de ART en 9 De Abril, CABA y GBA | Accidentes de Trabajo | DerechosART",18 Aug 2026 (14:45 UTC)
https://derechosart.com.ar/abogados-art-aldo-bonzi,"Abogados de ART en Aldo Bonzi, CABA y GBA | Accidentes de Trabajo | DerechosART",18 Aug 2026 (14:45 UTC)
https://derechosart.com.ar/abogados-art-atalaya,"Abogados de ART en Atalaya, CABA y GBA | Accidentes de Trabajo | DerechosART",18 Aug 2026 (14:45 UTC)
https://derechosart.com.ar/abogados-art-banfield,"Abogados de ART en Banfield, CABA y GBA | Accidentes de Trabajo | DerechosART",18 Aug 2026 (14:45 UTC)
https://derechosart.com.ar/abogados-art-barrio-calle-ciega-n-10,Abogados de ART en Barrio Calle Ciega N 10 | Accidentes de Trabajo | DerechosART,18 Aug 2026 (14:45 UTC)
https://derechosart.com.ar/abogados-art-barrio-calle-ciega-n-6,Abogados de ART en Barrio Calle Ciega N 6 | Accidentes de Trabajo | DerechosART,18 Aug 2026 (14:45 UTC)
https://derechosart.com.ar/abogados-art-barrio-gilbert-1-de-mayo-tejas-tres,Abogados de ART en Barrio Gilbert 1 De Mayo Tejas Tres | Accidentes de Trabajo | DerechosART,18 Aug 2026 (14:45 UTC)
https://derechosart.com.ar/abogados-art-benavidez,"Abogados de ART en Benavídez, CABA y GBA | Accidentes de Trabajo | DerechosART",18 Aug 2026 (14:45 UTC)
https://derechosart.com.ar/abogados-art-berisso,"Abogados de ART en Berisso, CABA y GBA | Accidentes de Trabajo | DerechosART",18 Aug 2026 (14:45 UTC)
https://derechosart.com.ar/abogados-art-carapachay,"Abogados de ART en Carapachay, CABA y GBA | Accidentes de Trabajo | DerechosART",18 Aug 2026 (14:45 UTC)
https://derechosart.com.ar/abogados-art-carlos-spegazzini,"Abogados de ART en Carlos Spegazzini, CABA y GBA | Accidentes de Trabajo | DerechosART",18 Aug 2026 (14:45 UTC)
https://derechosart.com.ar/abogados-art-carlos-tomas-sourigues,"Abogados de ART en Carlos Tomas Sourigues, CABA y GBA | Accidentes de Trabajo | DerechosART",18 Aug 2026 (14:45 UTC)
https://derechosart.com.ar/abogados-art-caseros,"Abogados de ART en Caseros, CABA y GBA | Accidentes de Trabajo | DerechosART",18 Aug 2026 (14:45 UTC)
https://derechosart.com.ar/abogados-art-ciudad-de-las-heras,Abogados de ART en Ciudad De Las Heras | Accidentes de Trabajo | DerechosART,18 Aug 2026 (14:45 UTC)
https://derechosart.com.ar/abogados-art-ciudad-jardin-el-libertador,"Abogados de ART en Ciudad Jardin El Libertador, CABA y GBA | Accidentes de Trabajo | DerechosART",18 Aug 2026 (14:45 UTC)
https://derechosart.com.ar/abogados-art-ciudad-jardin-lomas-del-palomar,"Abogados de ART en Ciudad Jardin Lomas Del Palomar, CABA y GBA | Accidentes de Trabajo | DerechosART",18 Aug 2026 (14:45 UTC)
https://derechosart.com.ar/abogados-art-constitucion,"Abogados de ART en Constitución, CABA y GBA | Accidentes de Trabajo | DerechosART",18 Aug 2026 (14:45 UTC)
https://derechosart.com.ar/abogados-art-cuartel-v,"Abogados de ART en Cuartel V, CABA y GBA | Accidentes de Trabajo | DerechosART",18 Aug 2026 (14:45 UTC)
https://derechosart.com.ar/abogados-art-del-viso,"Abogados de ART en Del Viso, CABA y GBA | Accidentes de Trabajo | DerechosART",18 Aug 2026 (14:45 UTC)
https://derechosart.com.ar/abogados-art-dique-lujan,"Abogados de ART en Dique Lujan, CABA y GBA | Accidentes de Trabajo | DerechosART",18 Aug 2026 (14:45 UTC)
https://derechosart.com.ar/abogados-art-general-belgrano,"Abogados de ART en General Belgrano, CABA y GBA | Accidentes de Trabajo | DerechosART",18 Aug 2026 (14:45 UTC)
https://derechosart.com.ar/abogados-art-general-hornos,"Abogados de ART en General Hornos, CABA y GBA | Accidentes de Trabajo | DerechosART",18 Aug 2026 (14:45 UTC)
https://derechosart.com.ar/abogados-art-ingeniero-adolfo-sourdeaux,"Abogados de ART en Ingeniero Adolfo Sourdeaux, CABA y GBA | Accidentes de Trabajo | DerechosART",18 Aug 2026 (14:45 UTC)
https://derechosart.com.ar/abogados-art-jorge-born,"Abogados de ART en Jorge Born, CABA y GBA | Accidentes de Trabajo | DerechosART",18 Aug 2026 (14:45 UTC)
https://derechosart.com.ar/abogados-art-la-merced-del-encon,Abogados de ART en La Merced Del Encon | Accidentes de Trabajo | DerechosART,18 Aug 2026 (14:45 UTC)
https://derechosart.com.ar/abogados-art-los-cachorros,"Abogados de ART en Los Cachorros, CABA y GBA | Accidentes de Trabajo | DerechosART",18 Aug 2026 (14:45 UTC)
https://derechosart.com.ar/abogados-art-los-cardales,"Abogados de ART en Los Cardales, CABA y GBA | Accidentes de Trabajo | DerechosART",18 Aug 2026 (14:45 UTC)
https://derechosart.com.ar/abogados-art-los-muchachos-la-alborada,Abogados de ART en Los Muchachos La Alborada | Accidentes de Trabajo | DerechosART,18 Aug 2026 (14:45 UTC)
https://derechosart.com.ar/abogados-art-mataderos,"Abogados de ART en Mataderos, CABA y GBA | Accidentes de Trabajo | DerechosART",18 Aug 2026 (14:45 UTC)
https://derechosart.com.ar/abogados-art-parada-robles,"Abogados de ART en Parada Robles, CABA y GBA | Accidentes de Trabajo | DerechosART",18 Aug 2026 (14:45 UTC)
https://derechosart.com.ar/abogados-art-paso-del-rey,"Abogados de ART en Paso Del Rey, CABA y GBA | Accidentes de Trabajo | DerechosART",18 Aug 2026 (14:45 UTC)
https://derechosart.com.ar/abogados-art-presidente-peron,"Abogados de ART en Presidente Peron, CABA y GBA | Accidentes de Trabajo | DerechosART",18 Aug 2026 (14:45 UTC)
https://derechosart.com.ar/abogados-art-rafael-calzada,"Abogados de ART en Rafael Calzada, CABA y GBA | Accidentes de Trabajo | DerechosART",18 Aug 2026 (14:45 UTC)
https://derechosart.com.ar/abogados-art-rafael-castillo,"Abogados de ART en Rafael Castillo, CABA y GBA | Accidentes de Trabajo | DerechosART",18 Aug 2026 (14:45 UTC)
https://derechosart.com.ar/abogados-art-san-vicente,"Abogados de ART en San Vicente, CABA y GBA | Accidentes de Trabajo | DerechosART",18 Aug 2026 (14:45 UTC)
https://derechosart.com.ar/abogados-art-tristan-suarez,"Abogados de ART en Tristan Suárez, CABA y GBA | Accidentes de Trabajo | DerechosART",18 Aug 2026 (14:45 UTC)
https://derechosart.com.ar/abogados-art-turdera,"Abogados de ART en Turdera, CABA y GBA | Accidentes de Trabajo | DerechosART",18 Aug 2026 (14:45 UTC)
https://derechosart.com.ar/abogados-art-uribelarrea,"Abogados de ART en Uribelarrea, CABA y GBA | Accidentes de Trabajo | DerechosART",18 Aug 2026 (14:45 UTC)
https://derechosart.com.ar/abogados-art-valentin-alsina,"Abogados de ART en Valentin Alsina, CABA y GBA | Accidentes de Trabajo | DerechosART",18 Aug 2026 (14:45 UTC)
https://derechosart.com.ar/abogados-art-victoria,"Abogados de ART en Victoria, CABA y GBA | Accidentes de Trabajo | DerechosART",18 Aug 2026 (14:45 UTC)
https://derechosart.com.ar/abogados-art-villa-ayacucho,"Abogados de ART en Villa Ayacucho, CABA y GBA | Accidentes de Trabajo | DerechosART",18 Aug 2026 (14:45 UTC)
https://derechosart.com.ar/abogados-art-villa-ballester,"Abogados de ART en Villa Ballester, CABA y GBA | Accidentes de Trabajo | DerechosART",18 Aug 2026 (14:45 UTC)
https://derechosart.com.ar/abogados-art-villa-fiorito,"Abogados de ART en Villa Fiorito, CABA y GBA | Accidentes de Trabajo | DerechosART",18 Aug 2026 (14:45 UTC)
https://derechosart.com.ar/abogados-art-villa-general-juan-g-las-heras,Abogados de ART en Villa General Juan G Las Heras | Accidentes de Trabajo | DerechosART,18 Aug 2026 (14:45 UTC)
https://derechosart.com.ar/abogados-art-villa-los-llanos-juarez-celman,Abogados de ART en Villa Los Llanos Juarez Celman | Accidentes de Trabajo | DerechosART,18 Aug 2026 (14:45 UTC)
https://derechosart.com.ar/abogados-art-villa-ortuzar,"Abogados de ART en Villa Ortúzar, CABA y GBA | Accidentes de Trabajo | DerechosART",18 Aug 2026 (14:45 UTC)
https://derechosart.com.ar/abogados-art-villa-san-andres,"Abogados de ART en Villa San Andrés, CABA y GBA | Accidentes de Trabajo | DerechosART",18 Aug 2026 (14:45 UTC)
https://derechosart.com.ar/abogados-art-villa-santa-rita,"Abogados de ART en Villa Santa Rita, CABA y GBA | Accidentes de Trabajo | DerechosART",18 Aug 2026 (14:45 UTC)
https://derechosart.com.ar/abogados-art-villa-sarmiento,"Abogados de ART en Villa Sarmiento, CABA y GBA | Accidentes de Trabajo | DerechosART",18 Aug 2026 (14:45 UTC)
https://derechosart.com.ar/abogados-art-villa-urquiza,"Abogados de ART en Villa Urquiza, CABA y GBA | Accidentes de Trabajo | DerechosART",18 Aug 2026 (14:45 UTC)
