Page URL,Discovered
https://derechosart.com.ar/abogados-art-7ma-seccion,18 Aug 2026 (14:45 UTC)
https://derechosart.com.ar/abogados-art-9-de-abril,18 Aug 2026 (14:45 UTC)
https://derechosart.com.ar/abogados-art-aldo-bonzi,18 Aug 2026 (14:45 UTC)
https://derechosart.com.ar/abogados-art-arbilla,18 Aug 2026 (14:45 UTC)
https://derechosart.com.ar/abogados-art-atalaya,18 Aug 2026 (14:45 UTC)
https://derechosart.com.ar/abogados-art-banfield,18 Aug 2026 (14:45 UTC)
https://derechosart.com.ar/abogados-art-barrio-calle-ciega-n-10,18 Aug 2026 (14:45 UTC)
https://derechosart.com.ar/abogados-art-barrio-calle-ciega-n-6,18 Aug 2026 (14:45 UTC)
https://derechosart.com.ar/abogados-art-barrio-costa-oeste,18 Aug 2026 (14:45 UTC)
https://derechosart.com.ar/abogados-art-barrio-gilbert-1-de-mayo-tejas-tres,18 Aug 2026 (14:45 UTC)
https://derechosart.com.ar/abogados-art-barrio-perdriel-iv,18 Aug 2026 (14:45 UTC)
https://derechosart.com.ar/abogados-art-benavidez,18 Aug 2026 (14:45 UTC)
https://derechosart.com.ar/abogados-art-berisso,18 Aug 2026 (14:45 UTC)
https://derechosart.com.ar/abogados-art-bernal,18 Aug 2026 (14:45 UTC)
https://derechosart.com.ar/abogados-art-caba-y-gba,18 Aug 2026 (14:45 UTC)
https://derechosart.com.ar/abogados-art-carapachay,18 Aug 2026 (14:45 UTC)
https://derechosart.com.ar/abogados-art-carlos-spegazzini,18 Aug 2026 (14:45 UTC)
https://derechosart.com.ar/abogados-art-carlos-tomas-sourigues,18 Aug 2026 (14:45 UTC)
https://derechosart.com.ar/abogados-art-caseros,18 Aug 2026 (14:45 UTC)
https://derechosart.com.ar/abogados-art-caseros-centro,18 Aug 2026 (14:45 UTC)
https://derechosart.com.ar/abogados-art-ciudad-de-las-heras,18 Aug 2026 (14:45 UTC)
https://derechosart.com.ar/abogados-art-ciudad-de-maipu,18 Aug 2026 (14:45 UTC)
https://derechosart.com.ar/abogados-art-ciudad-jardin-el-libertador,18 Aug 2026 (14:45 UTC)
https://derechosart.com.ar/abogados-art-ciudad-jardin-lomas-del-palomar,18 Aug 2026 (14:45 UTC)
https://derechosart.com.ar/abogados-art-constitucion,18 Aug 2026 (14:45 UTC)
https://derechosart.com.ar/abogados-art-costa-flores,18 Aug 2026 (14:45 UTC)
https://derechosart.com.ar/abogados-art-cuartel-v,18 Aug 2026 (14:45 UTC)
https://derechosart.com.ar/abogados-art-del-viso,18 Aug 2026 (14:45 UTC)
https://derechosart.com.ar/abogados-art-dique-lujan,18 Aug 2026 (14:45 UTC)
https://derechosart.com.ar/abogados-art-general-belgrano,18 Aug 2026 (14:45 UTC)
https://derechosart.com.ar/abogados-art-general-hornos,18 Aug 2026 (14:45 UTC)
https://derechosart.com.ar/abogados-art-ibarlucea,18 Aug 2026 (14:45 UTC)
https://derechosart.com.ar/abogados-art-ingeniero-adolfo-sourdeaux,18 Aug 2026 (14:45 UTC)
https://derechosart.com.ar/abogados-art-jorge-born,18 Aug 2026 (14:45 UTC)
https://derechosart.com.ar/abogados-art-la-merced-del-encon,18 Aug 2026 (14:45 UTC)
https://derechosart.com.ar/abogados-art-la-primavera,18 Aug 2026 (14:45 UTC)
https://derechosart.com.ar/abogados-art-las-quintas,18 Aug 2026 (14:45 UTC)
https://derechosart.com.ar/abogados-art-los-cachorros,18 Aug 2026 (14:45 UTC)
https://derechosart.com.ar/abogados-art-los-cardales,18 Aug 2026 (14:45 UTC)
https://derechosart.com.ar/abogados-art-los-muchachos-la-alborada,18 Aug 2026 (14:45 UTC)
https://derechosart.com.ar/abogados-art-mataderos,18 Aug 2026 (14:45 UTC)
https://derechosart.com.ar/abogados-art-mendiolaza,18 Aug 2026 (14:45 UTC)
https://derechosart.com.ar/abogados-art-oliden,18 Aug 2026 (14:45 UTC)
https://derechosart.com.ar/abogados-art-olivos,18 Aug 2026 (14:45 UTC)
https://derechosart.com.ar/abogados-art-parada-robles,18 Aug 2026 (14:45 UTC)
https://derechosart.com.ar/abogados-art-paso-del-rey,18 Aug 2026 (14:45 UTC)
https://derechosart.com.ar/abogados-art-perez,18 Aug 2026 (14:45 UTC)
https://derechosart.com.ar/abogados-art-pinero,18 Aug 2026 (14:45 UTC)
https://derechosart.com.ar/abogados-art-presidente-peron,18 Aug 2026 (14:45 UTC)
https://derechosart.com.ar/abogados-art-puente-de-hierro,18 Aug 2026 (14:45 UTC)
https://derechosart.com.ar/abogados-art-rafael-calzada,18 Aug 2026 (14:45 UTC)
https://derechosart.com.ar/abogados-art-rafael-castillo,18 Aug 2026 (14:45 UTC)
https://derechosart.com.ar/abogados-art-san-lorenzo,18 Aug 2026 (14:45 UTC)
https://derechosart.com.ar/abogados-art-san-roque,18 Aug 2026 (14:45 UTC)
https://derechosart.com.ar/abogados-art-san-vicente,18 Aug 2026 (14:45 UTC)
https://derechosart.com.ar/abogados-art-tristan-suarez,18 Aug 2026 (14:45 UTC)
https://derechosart.com.ar/abogados-art-trujui,18 Aug 2026 (14:45 UTC)
https://derechosart.com.ar/abogados-art-turdera,18 Aug 2026 (14:45 UTC)
https://derechosart.com.ar/abogados-art-uribelarrea,18 Aug 2026 (14:45 UTC)
https://derechosart.com.ar/abogados-art-valentin-alsina,18 Aug 2026 (14:45 UTC)
https://derechosart.com.ar/abogados-art-victoria,18 Aug 2026 (14:45 UTC)
https://derechosart.com.ar/abogados-art-villa-ayacucho,18 Aug 2026 (14:45 UTC)
https://derechosart.com.ar/abogados-art-villa-ballester,18 Aug 2026 (14:45 UTC)
https://derechosart.com.ar/abogados-art-villa-fiorito,18 Aug 2026 (14:45 UTC)
https://derechosart.com.ar/abogados-art-villa-general-juan-g-las-heras,18 Aug 2026 (14:45 UTC)
https://derechosart.com.ar/abogados-art-villa-los-llanos-juarez-celman,18 Aug 2026 (14:45 UTC)
https://derechosart.com.ar/abogados-art-villa-ortuzar,18 Aug 2026 (14:45 UTC)
https://derechosart.com.ar/abogados-art-villa-san-andres,18 Aug 2026 (14:45 UTC)
https://derechosart.com.ar/abogados-art-villa-santa-rita,18 Aug 2026 (14:45 UTC)
https://derechosart.com.ar/abogados-art-villa-sarmiento,18 Aug 2026 (14:45 UTC)
https://derechosart.com.ar/abogados-art-villa-urquiza,18 Aug 2026 (14:45 UTC)
https://derechosart.com.ar/abogados-art-zelaya,18 Aug 2026 (14:45 UTC)
