Page URL,Ratio,Discovered
https://derechosart.com.ar/,0.03,18 Aug 2026 (14:45 UTC)
https://derechosart.com.ar/abogados-art-7ma-seccion,0.03,18 Aug 2026 (14:45 UTC)
https://derechosart.com.ar/abogados-art-9-de-abril,0.03,18 Aug 2026 (14:45 UTC)
https://derechosart.com.ar/abogados-art-accidentes,0.03,18 Aug 2026 (14:45 UTC)
https://derechosart.com.ar/abogados-art-aldo-bonzi,0.03,18 Aug 2026 (14:45 UTC)
https://derechosart.com.ar/abogados-art-arbilla,0.03,18 Aug 2026 (14:45 UTC)
https://derechosart.com.ar/abogados-art-atalaya,0.03,18 Aug 2026 (14:45 UTC)
https://derechosart.com.ar/abogados-art-banfield,0.03,18 Aug 2026 (14:45 UTC)
https://derechosart.com.ar/abogados-art-barrio-calle-ciega-n-10,0.03,18 Aug 2026 (14:45 UTC)
https://derechosart.com.ar/abogados-art-barrio-calle-ciega-n-6,0.03,18 Aug 2026 (14:45 UTC)
https://derechosart.com.ar/abogados-art-barrio-costa-oeste,0.03,18 Aug 2026 (14:45 UTC)
https://derechosart.com.ar/abogados-art-barrio-gilbert-1-de-mayo-tejas-tres,0.03,18 Aug 2026 (14:45 UTC)
https://derechosart.com.ar/abogados-art-barrio-perdriel-iv,0.03,18 Aug 2026 (14:45 UTC)
https://derechosart.com.ar/abogados-art-benavidez,0.03,18 Aug 2026 (14:45 UTC)
https://derechosart.com.ar/abogados-art-berisso,0.03,18 Aug 2026 (14:45 UTC)
https://derechosart.com.ar/abogados-art-bernal,0.03,18 Aug 2026 (14:45 UTC)
https://derechosart.com.ar/abogados-art-caba-y-gba,0.03,18 Aug 2026 (14:45 UTC)
https://derechosart.com.ar/abogados-art-carapachay,0.03,18 Aug 2026 (14:45 UTC)
https://derechosart.com.ar/abogados-art-carlos-spegazzini,0.03,18 Aug 2026 (14:45 UTC)
https://derechosart.com.ar/abogados-art-carlos-tomas-sourigues,0.03,18 Aug 2026 (14:45 UTC)
https://derechosart.com.ar/abogados-art-caseros,0.03,18 Aug 2026 (14:45 UTC)
https://derechosart.com.ar/abogados-art-caseros-centro,0.03,18 Aug 2026 (14:45 UTC)
https://derechosart.com.ar/abogados-art-ciudad-de-las-heras,0.03,18 Aug 2026 (14:45 UTC)
https://derechosart.com.ar/abogados-art-ciudad-de-maipu,0.03,18 Aug 2026 (14:45 UTC)
https://derechosart.com.ar/abogados-art-ciudad-jardin-el-libertador,0.03,18 Aug 2026 (14:45 UTC)
https://derechosart.com.ar/abogados-art-ciudad-jardin-lomas-del-palomar,0.03,18 Aug 2026 (14:45 UTC)
https://derechosart.com.ar/abogados-art-constitucion,0.03,18 Aug 2026 (14:45 UTC)
https://derechosart.com.ar/abogados-art-cordoba,0.04,18 Aug 2026 (14:45 UTC)
https://derechosart.com.ar/abogados-art-costa-flores,0.03,18 Aug 2026 (14:45 UTC)
https://derechosart.com.ar/abogados-art-cuartel-v,0.03,18 Aug 2026 (14:45 UTC)
https://derechosart.com.ar/abogados-art-del-viso,0.03,18 Aug 2026 (14:45 UTC)
https://derechosart.com.ar/abogados-art-dique-lujan,0.03,18 Aug 2026 (14:45 UTC)
https://derechosart.com.ar/abogados-art-general-belgrano,0.03,18 Aug 2026 (14:45 UTC)
https://derechosart.com.ar/abogados-art-general-hornos,0.03,18 Aug 2026 (14:45 UTC)
https://derechosart.com.ar/abogados-art-ibarlucea,0.03,18 Aug 2026 (14:45 UTC)
https://derechosart.com.ar/abogados-art-ingeniero-adolfo-sourdeaux,0.03,18 Aug 2026 (14:45 UTC)
https://derechosart.com.ar/abogados-art-jorge-born,0.03,18 Aug 2026 (14:45 UTC)
https://derechosart.com.ar/abogados-art-la-merced-del-encon,0.03,18 Aug 2026 (14:45 UTC)
https://derechosart.com.ar/abogados-art-la-primavera,0.03,18 Aug 2026 (14:45 UTC)
https://derechosart.com.ar/abogados-art-las-quintas,0.03,18 Aug 2026 (14:45 UTC)
https://derechosart.com.ar/abogados-art-los-cachorros,0.03,18 Aug 2026 (14:45 UTC)
https://derechosart.com.ar/abogados-art-los-cardales,0.03,18 Aug 2026 (14:45 UTC)
https://derechosart.com.ar/abogados-art-los-muchachos-la-alborada,0.03,18 Aug 2026 (14:45 UTC)
https://derechosart.com.ar/abogados-art-mataderos,0.03,18 Aug 2026 (14:45 UTC)
https://derechosart.com.ar/abogados-art-mendiolaza,0.03,18 Aug 2026 (14:45 UTC)
https://derechosart.com.ar/abogados-art-mendoza,0.04,18 Aug 2026 (14:45 UTC)
https://derechosart.com.ar/abogados-art-neuquen,0.03,18 Aug 2026 (14:45 UTC)
https://derechosart.com.ar/abogados-art-oliden,0.03,18 Aug 2026 (14:45 UTC)
https://derechosart.com.ar/abogados-art-olivos,0.03,18 Aug 2026 (14:45 UTC)
https://derechosart.com.ar/abogados-art-parada-robles,0.03,18 Aug 2026 (14:45 UTC)
https://derechosart.com.ar/abogados-art-paso-del-rey,0.03,18 Aug 2026 (14:45 UTC)
https://derechosart.com.ar/abogados-art-perez,0.03,18 Aug 2026 (14:45 UTC)
https://derechosart.com.ar/abogados-art-pinero,0.03,18 Aug 2026 (14:45 UTC)
https://derechosart.com.ar/abogados-art-presidente-peron,0.03,18 Aug 2026 (14:45 UTC)
https://derechosart.com.ar/abogados-art-puente-de-hierro,0.03,18 Aug 2026 (14:45 UTC)
https://derechosart.com.ar/abogados-art-rafael-calzada,0.03,18 Aug 2026 (14:45 UTC)
https://derechosart.com.ar/abogados-art-rafael-castillo,0.03,18 Aug 2026 (14:45 UTC)
https://derechosart.com.ar/abogados-art-rosario,0.04,18 Aug 2026 (14:45 UTC)
https://derechosart.com.ar/abogados-art-salta,0.04,18 Aug 2026 (14:45 UTC)
https://derechosart.com.ar/abogados-art-san-lorenzo,0.03,18 Aug 2026 (14:45 UTC)
https://derechosart.com.ar/abogados-art-san-roque,0.03,18 Aug 2026 (14:45 UTC)
https://derechosart.com.ar/abogados-art-san-vicente,0.03,18 Aug 2026 (14:45 UTC)
https://derechosart.com.ar/abogados-art-tristan-suarez,0.03,18 Aug 2026 (14:45 UTC)
https://derechosart.com.ar/abogados-art-trujui,0.03,18 Aug 2026 (14:45 UTC)
https://derechosart.com.ar/abogados-art-turdera,0.03,18 Aug 2026 (14:45 UTC)
https://derechosart.com.ar/abogados-art-uribelarrea,0.03,18 Aug 2026 (14:45 UTC)
https://derechosart.com.ar/abogados-art-valentin-alsina,0.03,18 Aug 2026 (14:45 UTC)
https://derechosart.com.ar/abogados-art-victoria,0.03,18 Aug 2026 (14:45 UTC)
https://derechosart.com.ar/abogados-art-villa-ayacucho,0.03,18 Aug 2026 (14:45 UTC)
https://derechosart.com.ar/abogados-art-villa-ballester,0.03,18 Aug 2026 (14:45 UTC)
https://derechosart.com.ar/abogados-art-villa-fiorito,0.03,18 Aug 2026 (14:45 UTC)
https://derechosart.com.ar/abogados-art-villa-general-juan-g-las-heras,0.03,18 Aug 2026 (14:45 UTC)
https://derechosart.com.ar/abogados-art-villa-los-llanos-juarez-celman,0.03,18 Aug 2026 (14:45 UTC)
https://derechosart.com.ar/abogados-art-villa-ortuzar,0.03,18 Aug 2026 (14:45 UTC)
https://derechosart.com.ar/abogados-art-villa-san-andres,0.03,18 Aug 2026 (14:45 UTC)
https://derechosart.com.ar/abogados-art-villa-santa-rita,0.03,18 Aug 2026 (14:45 UTC)
https://derechosart.com.ar/abogados-art-villa-sarmiento,0.03,18 Aug 2026 (14:45 UTC)
https://derechosart.com.ar/abogados-art-villa-urquiza,0.03,18 Aug 2026 (14:45 UTC)
https://derechosart.com.ar/abogados-art-zelaya,0.03,18 Aug 2026 (14:45 UTC)
https://derechosart.com.ar/accidentes-de-trabajo,0.10,18 Aug 2026 (14:45 UTC)
https://derechosart.com.ar/blog,0.05,18 Aug 2026 (14:45 UTC)
https://derechosart.com.ar/calculadora-accidentes,0.06,18 Aug 2026 (14:45 UTC)
https://derechosart.com.ar/calculadora-despidos,0.08,18 Aug 2026 (14:45 UTC)
https://derechosart.com.ar/contacto,0.04,18 Aug 2026 (14:45 UTC)
https://derechosart.com.ar/cual-es-mi-art,0.06,18 Aug 2026 (14:45 UTC)
https://derechosart.com.ar/despidos,0.04,18 Aug 2026 (14:45 UTC)
https://derechosart.com.ar/enfermedades-profesionales,0.05,18 Aug 2026 (14:45 UTC)
https://derechosart.com.ar/formularios-srt,0.05,18 Aug 2026 (14:45 UTC)
https://derechosart.com.ar/inicio,0.03,18 Aug 2026 (14:45 UTC)
https://derechosart.com.ar/que-hacer,0.06,18 Aug 2026 (14:45 UTC)
https://derechosart.com.ar/quienes-somos,0.05,18 Aug 2026 (14:45 UTC)
https://derechosart.com.ar/tramites-srt,0.05,18 Aug 2026 (14:45 UTC)
https://derechosart.com.ar/zonas-atencion,0.05,18 Aug 2026 (14:45 UTC)
