Page URL,Hreflang,Issue Type,Discovered
https://derechosart.com.ar/abogados-art-7ma-seccion,,No self-referencing hreflang,18 Aug 2026 (14:45 UTC)
https://derechosart.com.ar/abogados-art-9-de-abril,,No self-referencing hreflang,18 Aug 2026 (14:45 UTC)
https://derechosart.com.ar/abogados-art-accidentes,,No self-referencing hreflang,18 Aug 2026 (14:45 UTC)
https://derechosart.com.ar/abogados-art-aldo-bonzi,,No self-referencing hreflang,18 Aug 2026 (14:45 UTC)
https://derechosart.com.ar/abogados-art-arbilla,,No self-referencing hreflang,18 Aug 2026 (14:45 UTC)
https://derechosart.com.ar/abogados-art-atalaya,,No self-referencing hreflang,18 Aug 2026 (14:45 UTC)
https://derechosart.com.ar/abogados-art-banfield,,No self-referencing hreflang,18 Aug 2026 (14:45 UTC)
https://derechosart.com.ar/abogados-art-barrio-calle-ciega-n-10,,No self-referencing hreflang,18 Aug 2026 (14:45 UTC)
https://derechosart.com.ar/abogados-art-barrio-calle-ciega-n-6,,No self-referencing hreflang,18 Aug 2026 (14:45 UTC)
https://derechosart.com.ar/abogados-art-barrio-costa-oeste,,No self-referencing hreflang,18 Aug 2026 (14:45 UTC)
https://derechosart.com.ar/abogados-art-barrio-gilbert-1-de-mayo-tejas-tres,,No self-referencing hreflang,18 Aug 2026 (14:45 UTC)
https://derechosart.com.ar/abogados-art-barrio-perdriel-iv,,No self-referencing hreflang,18 Aug 2026 (14:45 UTC)
https://derechosart.com.ar/abogados-art-benavidez,,No self-referencing hreflang,18 Aug 2026 (14:45 UTC)
https://derechosart.com.ar/abogados-art-berisso,,No self-referencing hreflang,18 Aug 2026 (14:45 UTC)
https://derechosart.com.ar/abogados-art-bernal,,No self-referencing hreflang,18 Aug 2026 (14:45 UTC)
https://derechosart.com.ar/abogados-art-caba-y-gba,,No self-referencing hreflang,18 Aug 2026 (14:45 UTC)
https://derechosart.com.ar/abogados-art-carapachay,,No self-referencing hreflang,18 Aug 2026 (14:45 UTC)
https://derechosart.com.ar/abogados-art-carlos-spegazzini,,No self-referencing hreflang,18 Aug 2026 (14:45 UTC)
https://derechosart.com.ar/abogados-art-carlos-tomas-sourigues,,No self-referencing hreflang,18 Aug 2026 (14:45 UTC)
https://derechosart.com.ar/abogados-art-caseros,,No self-referencing hreflang,18 Aug 2026 (14:45 UTC)
https://derechosart.com.ar/abogados-art-caseros-centro,,No self-referencing hreflang,18 Aug 2026 (14:45 UTC)
https://derechosart.com.ar/abogados-art-ciudad-de-las-heras,,No self-referencing hreflang,18 Aug 2026 (14:45 UTC)
https://derechosart.com.ar/abogados-art-ciudad-de-maipu,,No self-referencing hreflang,18 Aug 2026 (14:45 UTC)
https://derechosart.com.ar/abogados-art-ciudad-jardin-el-libertador,,No self-referencing hreflang,18 Aug 2026 (14:45 UTC)
https://derechosart.com.ar/abogados-art-ciudad-jardin-lomas-del-palomar,,No self-referencing hreflang,18 Aug 2026 (14:45 UTC)
https://derechosart.com.ar/abogados-art-constitucion,,No self-referencing hreflang,18 Aug 2026 (14:45 UTC)
https://derechosart.com.ar/abogados-art-cordoba,,No self-referencing hreflang,18 Aug 2026 (14:45 UTC)
https://derechosart.com.ar/abogados-art-costa-flores,,No self-referencing hreflang,18 Aug 2026 (14:45 UTC)
https://derechosart.com.ar/abogados-art-cuartel-v,,No self-referencing hreflang,18 Aug 2026 (14:45 UTC)
https://derechosart.com.ar/abogados-art-del-viso,,No self-referencing hreflang,18 Aug 2026 (14:45 UTC)
https://derechosart.com.ar/abogados-art-dique-lujan,,No self-referencing hreflang,18 Aug 2026 (14:45 UTC)
https://derechosart.com.ar/abogados-art-general-belgrano,,No self-referencing hreflang,18 Aug 2026 (14:45 UTC)
https://derechosart.com.ar/abogados-art-general-hornos,,No self-referencing hreflang,18 Aug 2026 (14:45 UTC)
https://derechosart.com.ar/abogados-art-ibarlucea,,No self-referencing hreflang,18 Aug 2026 (14:45 UTC)
https://derechosart.com.ar/abogados-art-ingeniero-adolfo-sourdeaux,,No self-referencing hreflang,18 Aug 2026 (14:45 UTC)
https://derechosart.com.ar/abogados-art-jorge-born,,No self-referencing hreflang,18 Aug 2026 (14:45 UTC)
https://derechosart.com.ar/abogados-art-la-merced-del-encon,,No self-referencing hreflang,18 Aug 2026 (14:45 UTC)
https://derechosart.com.ar/abogados-art-la-primavera,,No self-referencing hreflang,18 Aug 2026 (14:45 UTC)
https://derechosart.com.ar/abogados-art-las-quintas,,No self-referencing hreflang,18 Aug 2026 (14:45 UTC)
https://derechosart.com.ar/abogados-art-los-cachorros,,No self-referencing hreflang,18 Aug 2026 (14:45 UTC)
https://derechosart.com.ar/abogados-art-los-cardales,,No self-referencing hreflang,18 Aug 2026 (14:45 UTC)
https://derechosart.com.ar/abogados-art-los-muchachos-la-alborada,,No self-referencing hreflang,18 Aug 2026 (14:45 UTC)
https://derechosart.com.ar/abogados-art-mataderos,,No self-referencing hreflang,18 Aug 2026 (14:45 UTC)
https://derechosart.com.ar/abogados-art-mendiolaza,,No self-referencing hreflang,18 Aug 2026 (14:45 UTC)
https://derechosart.com.ar/abogados-art-mendoza,,No self-referencing hreflang,18 Aug 2026 (14:45 UTC)
https://derechosart.com.ar/abogados-art-neuquen,,No self-referencing hreflang,18 Aug 2026 (14:45 UTC)
https://derechosart.com.ar/abogados-art-oliden,,No self-referencing hreflang,18 Aug 2026 (14:45 UTC)
https://derechosart.com.ar/abogados-art-olivos,,No self-referencing hreflang,18 Aug 2026 (14:45 UTC)
https://derechosart.com.ar/abogados-art-parada-robles,,No self-referencing hreflang,18 Aug 2026 (14:45 UTC)
https://derechosart.com.ar/abogados-art-paso-del-rey,,No self-referencing hreflang,18 Aug 2026 (14:45 UTC)
https://derechosart.com.ar/abogados-art-perez,,No self-referencing hreflang,18 Aug 2026 (14:45 UTC)
https://derechosart.com.ar/abogados-art-pinero,,No self-referencing hreflang,18 Aug 2026 (14:45 UTC)
https://derechosart.com.ar/abogados-art-presidente-peron,,No self-referencing hreflang,18 Aug 2026 (14:45 UTC)
https://derechosart.com.ar/abogados-art-puente-de-hierro,,No self-referencing hreflang,18 Aug 2026 (14:45 UTC)
https://derechosart.com.ar/abogados-art-rafael-calzada,,No self-referencing hreflang,18 Aug 2026 (14:45 UTC)
https://derechosart.com.ar/abogados-art-rafael-castillo,,No self-referencing hreflang,18 Aug 2026 (14:45 UTC)
https://derechosart.com.ar/abogados-art-rosario,,No self-referencing hreflang,18 Aug 2026 (14:45 UTC)
https://derechosart.com.ar/abogados-art-salta,,No self-referencing hreflang,18 Aug 2026 (14:45 UTC)
https://derechosart.com.ar/abogados-art-san-lorenzo,,No self-referencing hreflang,18 Aug 2026 (14:45 UTC)
https://derechosart.com.ar/abogados-art-san-roque,,No self-referencing hreflang,18 Aug 2026 (14:45 UTC)
https://derechosart.com.ar/abogados-art-san-vicente,,No self-referencing hreflang,18 Aug 2026 (14:45 UTC)
https://derechosart.com.ar/abogados-art-tristan-suarez,,No self-referencing hreflang,18 Aug 2026 (14:45 UTC)
https://derechosart.com.ar/abogados-art-trujui,,No self-referencing hreflang,18 Aug 2026 (14:45 UTC)
https://derechosart.com.ar/abogados-art-turdera,,No self-referencing hreflang,18 Aug 2026 (14:45 UTC)
https://derechosart.com.ar/abogados-art-uribelarrea,,No self-referencing hreflang,18 Aug 2026 (14:45 UTC)
https://derechosart.com.ar/abogados-art-valentin-alsina,,No self-referencing hreflang,18 Aug 2026 (14:45 UTC)
https://derechosart.com.ar/abogados-art-victoria,,No self-referencing hreflang,18 Aug 2026 (14:45 UTC)
https://derechosart.com.ar/abogados-art-villa-ayacucho,,No self-referencing hreflang,18 Aug 2026 (14:45 UTC)
https://derechosart.com.ar/abogados-art-villa-ballester,,No self-referencing hreflang,18 Aug 2026 (14:45 UTC)
https://derechosart.com.ar/abogados-art-villa-fiorito,,No self-referencing hreflang,18 Aug 2026 (14:45 UTC)
https://derechosart.com.ar/abogados-art-villa-general-juan-g-las-heras,,No self-referencing hreflang,18 Aug 2026 (14:45 UTC)
https://derechosart.com.ar/abogados-art-villa-los-llanos-juarez-celman,,No self-referencing hreflang,18 Aug 2026 (14:45 UTC)
https://derechosart.com.ar/abogados-art-villa-ortuzar,,No self-referencing hreflang,18 Aug 2026 (14:45 UTC)
https://derechosart.com.ar/abogados-art-villa-san-andres,,No self-referencing hreflang,18 Aug 2026 (14:45 UTC)
https://derechosart.com.ar/abogados-art-villa-santa-rita,,No self-referencing hreflang,18 Aug 2026 (14:45 UTC)
https://derechosart.com.ar/abogados-art-villa-sarmiento,,No self-referencing hreflang,18 Aug 2026 (14:45 UTC)
https://derechosart.com.ar/abogados-art-villa-urquiza,,No self-referencing hreflang,18 Aug 2026 (14:45 UTC)
https://derechosart.com.ar/abogados-art-zelaya,,No self-referencing hreflang,18 Aug 2026 (14:45 UTC)
https://derechosart.com.ar/accidentes-de-trabajo,,No self-referencing hreflang,18 Aug 2026 (14:45 UTC)
https://derechosart.com.ar/blog,,No self-referencing hreflang,18 Aug 2026 (14:45 UTC)
https://derechosart.com.ar/calculadora-accidentes,,No self-referencing hreflang,18 Aug 2026 (14:45 UTC)
https://derechosart.com.ar/calculadora-despidos,,No self-referencing hreflang,18 Aug 2026 (14:45 UTC)
https://derechosart.com.ar/comisiones-medicas,,No self-referencing hreflang,18 Aug 2026 (14:45 UTC)
https://derechosart.com.ar/contacto,,No self-referencing hreflang,18 Aug 2026 (14:45 UTC)
https://derechosart.com.ar/cual-es-mi-art,,No self-referencing hreflang,18 Aug 2026 (14:45 UTC)
https://derechosart.com.ar/despidos,,No self-referencing hreflang,18 Aug 2026 (14:45 UTC)
https://derechosart.com.ar/enfermedades-profesionales,,No self-referencing hreflang,18 Aug 2026 (14:45 UTC)
https://derechosart.com.ar/faq,,No self-referencing hreflang,18 Aug 2026 (14:45 UTC)
https://derechosart.com.ar/formularios-srt,,No self-referencing hreflang,18 Aug 2026 (14:45 UTC)
https://derechosart.com.ar/inicio,,No self-referencing hreflang,18 Aug 2026 (14:45 UTC)
https://derechosart.com.ar/que-hacer,,No self-referencing hreflang,18 Aug 2026 (14:45 UTC)
https://derechosart.com.ar/quienes-somos,,No self-referencing hreflang,18 Aug 2026 (14:45 UTC)
https://derechosart.com.ar/tabla-incapacidad,,No self-referencing hreflang,18 Aug 2026 (14:45 UTC)
https://derechosart.com.ar/tramites-srt,,No self-referencing hreflang,18 Aug 2026 (14:45 UTC)
https://derechosart.com.ar/zonas-atencion,,No self-referencing hreflang,18 Aug 2026 (14:45 UTC)
