Columna 1;Tráfico;Min. Trabajo Delegación;Comisión SRTabogado laboral Quilmes;140;"Quilmes
Dirección: San Martín 547, Quilmes

Teléfono: 011-4257-2080

Correo electrónico: dquilmes@trabajo.gba.gob";QUILMES abogado laboral Acassuso;;;abogado laboral Aldo Bonzi;;;abogado laboral Almirante Brown;;;abogado laboral Banfield;;;abogado laboral Beccar;;;abogado laboral Bella Vista;;;abogado laboral San Miguel;140;" San Miguel
Dirección: Av. Presidente Perón 1950, San Miguel

Teléfono: 011-4667-0271

Correo electrónico: dsanmiguel@trabajo.gba.gob.ar?";SAN MARTINabogado laboral Bernal;;;abogado laboral Billinghurst;;;abogado laboral Boulogne Sur Mer;;;abogado laboral Lomas de Zamora;100;" Lomas de Zamora
Dirección: Gorriti 552, Lomas de Zamora

Teléfono: 011-4243-0114

Correo electrónico: dlomaszamora@trabajo.gba.gob.ar";LOMAS DE ZAMORAabogado laboral Caseros;;;abogado laboral Castelar;;;abogado laboral Ciudadela;;;abogado laboral Ciudad Evita;;;abogado laboral Claypole;;;abogado laboral Dock Sud;;;abogado laboral Don Bosco;;;abogado laboral El Palomar;;;abogado laboral El Talar;;;abogado laboral Esteban Echeverría;;;abogado laboral Ezeiza;;;abogado laboral Espelette;;;abogado laboral Moreno;100;"Moreno
Dirección: Belgrano 3276, Moreno

Teléfono: 0237-462-0016

Correo electrónico: dmoreno@trabajo.gba.gob.ar";MORENOabogado laboral Florencio Varela;90;"Florencio Varela
Dirección: Av. San Martín 3339, Florencio Varela

Teléfono: 011-4237-2114

Correo electrónico: dfvarela@trabajo.gba.gob.ar";QUILMES abogado laboral Gerli;;;abogado laboral González Catán;;;abogado laboral Haedo;;;abogado laboral Isidro Casanova;;;abogado laboral Ituzaingó;;;abogado laboral José C. Paz;;;abogado laboral José León Suárez;;;abogado laboral Gregorio de Laferrere;;;abogado laboral La Lucila;;;abogado laboral Lanús;;;abogado laboral San Justo;90;". San Justo
Dirección: Av. Juan Manuel de Rosas 4350, San Justo

Teléfono: 011-4484-3531

Correo electrónico: dlamatanza@trabajo.gba.gob.ar";RAMOS MEJíAabogado laboral Lomas Del Mirador;;;abogado laboral Los Polvorines;;;abogado laboral Mariano Acosta;;;abogado laboral Martínez;;;abogado laboral Monte Chingolo;;;abogado laboral San Martín ;90;" San Martín
Dirección: Av. Ricardo Balbín 1753, San Martín

Teléfono: 011-4755-2027

Correo electrónico: dsanmartin@trabajo.gba.gob.ar";SAN MARTíNabogado laboral Berazategui;70;" Berazategui
Dirección: Calle 14 Nº 5125, Berazategui

Teléfono: 011-4256-2331

Correo electrónico: dberazategui@trabajo.gba.gob.ar?";QUILMESabogado laboral Muñiz;;;abogado laboral Munro ;;;abogado laboral Olivos;;;abogado laboral Paso del Rey;;;abogado laboral Pilar;;;abogado laboral Morón ;70;"Morón
Dirección: San Martín 542, Morón

Teléfono: 011-4629-1102

Correo electrónico: dmoron@trabajo.gba.gob.ar";MORONAbogado laboral lanus;70;"Dirección:
H. YRIGOYEN Nº 3412 LANUS OESTE

Teléfono:
011-4225-5966 / 011-4241-8150

Correo electrónico:
dlanus@trabajo.gba.gob.ar";LANÚS abogado laboral avellaneda;50;" Avellaneda
Dirección: Av. Mitre 172, Avellaneda

Teléfono: 011-4201-3491

Correo electrónico: davellaneda@trabajo.gba.gob.ar";LANÚS abogado laboral Rafael Calzada;;;abogado laboral Rafael Castillo;;;abogado laboral Ramos Mejía;;;abogado laboral Sáenz Peña;;;abogado laboral San Fernando de la Buena Vista;;;abogado laboral San Isidro;50;"San Isidro
Dirección: Av. Centenario 77, San Isidro

Teléfono: 011-4743-2331

Correo electrónico: dsanisidro@trabajo.gba.gob.ar";SAN ISIDRO abogado laboral Burzaco;30;" Burzaco
Dirección: Roca 1222, entre España y 9 de Julio, Burzaco

Teléfono: 011-4238-4489

Correo electrónico: daltebrown@trabajo.gba.gob.ar";EZEIZA abogado laboral ramos mejia;20;"Dirección:
JUAN D. PERON Nº 3252 (San Justo)

Teléfono:
0221-429-2040

Correo electrónico:
dmatanza@trabajo.gba.gob.ar";RAMOS MEJIA;;;abogado laboral Merlo;10;;abogado laboral Santos Lugares;;;abogado laboral La Tablada;;;abogado laboral Tapiales;;;abogado laboral Temperley;;;abogado laboral Tigre;;;abogado laboral Valentín Alsina;;;abogado laboral Vicente López;;;abogado laboral Victoria ;;;abogado laboral Villa Adelina;;;abogado laboral Villa Ballester;;;abogado laboral Villa Bosch;;;abogado laboral Villa de Mayo;;;abogado laboral Villa Domínico;;;abogado laboral Villa Luzuriaga;;;abogado laboral Villa Madero;;;abogado laboral Virreyes;;;abogado laboral Wilde;;;abogado laboral Malvinas Argentinas (Almirante Brown) Buenos Aires;;;abogado laboral Ciudad Autónoma de Buenos Aires;;;
